symbol,setup,direction,grade,signal_score,entry_date,entry_price,stop_price,tp1_price,tp2_price,stop_mode,exit_date,exit_price,exit_reason,pnl_r,pnl_pct,bars_held
2382,A1,long,B,5,2023-03-03,81.0,74.8,80.75,80.5,fixed,2023-03-06,80.5,TP2,-0.08064516129032254,-0.006172839506172839,1
2382,A1,long,B,5,2023-03-03,81.0,79.75714285714285,80.75,80.5,atr,2023-03-06,80.5,TP2,-0.4022988505747112,-0.006172839506172839,1
2382,A1,long,B,5,2023-03-06,81.0,74.8,80.75,80.5,fixed,2023-03-07,80.5,TP2,-0.08064516129032254,-0.006172839506172839,1
2382,A1,long,B,5,2023-03-06,81.0,79.73571428571428,80.75,80.5,atr,2023-03-07,80.5,TP2,-0.3954802259886989,-0.006172839506172839,1
2382,A1,long,B,5,2023-03-20,83.4,77.3,82.7,82.0,fixed,2023-03-21,82.0,TP2,-0.2295081967213121,-0.01678657074340534,1
2382,A1,long,B,5,2023-03-20,83.4,82.09285714285714,82.7,82.0,atr,2023-03-21,82.0,TP2,-1.071038251366119,-0.01678657074340534,1
2382,A1,long,B,5,2023-08-01,230.0,153.0,238.25,246.5,fixed,2023-08-02,238.25,TP1,0.10714285714285714,0.035869565217391305,1
2382,A1,long,B,5,2023-08-01,230.0,212.0,238.25,246.5,atr,2023-08-02,238.25,TP1,0.4583333333333333,0.035869565217391305,1
2382,A1,long,B,5,2023-08-17,264.0,191.29464285714286,264.25,264.5,fixed,2023-08-18,264.5,TP2,0.0068770723320643505,0.001893939393939394,1
2382,A1,long,B,5,2023-08-17,264.0,243.17857142857142,264.25,264.5,atr,2023-08-18,264.5,TP2,0.02401372212692966,0.001893939393939394,1
2382,A1,long,B,5,2023-08-18,271.0,191.25892857142858,268.75,266.5,fixed,2023-08-22,266.5,TP2,-0.05643265031911321,-0.016605166051660517,2
2382,A1,long,B,5,2023-08-18,271.0,250.03571428571428,268.75,266.5,atr,2023-08-22,266.5,TP2,-0.21465076660988067,-0.016605166051660517,2
2382,A1,short,B,5,2023-08-22,261.0,276.07142857142856,254.0,247.0,fixed,2023-08-23,254.0,TP1,0.46445497630331806,0.02681992337164751,1
2382,A1,short,B,5,2023-08-22,261.0,281.2857142857143,254.0,247.0,atr,2023-08-23,254.0,TP1,0.3450704225352114,0.02681992337164751,1
2382,A1,short,B,5,2023-08-23,260.0,276.0357142857143,255.5,251.0,fixed,2023-08-24,282.0,SL,-1.371937639198219,-0.08461538461538462,1
2382,A1,short,B,5,2023-08-23,260.0,280.14285714285717,255.5,251.0,atr,2023-08-24,282.0,SL,-1.0921985815602824,-0.08461538461538462,1
2382,A1,short,B,5,2023-08-24,282.0,275.6875,267.5,253.0,fixed,2023-08-25,253.0,TP2,4.594059405940594,0.10283687943262411,1
2382,A1,short,B,5,2023-08-24,282.0,300.75,267.5,253.0,atr,2023-08-25,253.0,TP2,1.5466666666666666,0.10283687943262411,1
2382,A1,short,B,5,2023-08-28,245.0,275.73214285714283,236.25,227.5,fixed,2023-09-11,227.5,TP2,0.5694363742010463,0.07142857142857142,10
2382,A1,short,B,5,2023-08-28,245.0,263.92857142857144,236.25,227.5,atr,2023-09-11,227.5,TP2,0.9245283018867917,0.07142857142857142,10
2382,A1,short,B,5,2023-09-19,224.0,284.5,224.0,224.0,fixed,2023-09-20,224.0,TP2,0.0,0.0,1
2382,A1,short,B,5,2023-09-19,224.0,234.0,224.0,224.0,atr,2023-09-20,224.0,TP2,0.0,0.0,1
2382,A1,short,B,5,2023-09-20,217.0,284.50892857142856,221.5,226.0,fixed,2023-09-21,226.0,TP2,-0.13331569898161622,-0.041474654377880185,1
2382,A1,short,B,5,2023-09-20,217.0,227.03571428571428,221.5,226.0,atr,2023-09-21,226.0,TP2,-0.8967971530249118,-0.041474654377880185,1
2382,A1,long,B,5,2023-10-13,238.0,208.07142857142858,242.25,246.5,fixed,2023-10-18,208.07142857142858,SL,-1.0,-0.12575030012004798,3
2382,A1,long,B,5,2023-10-13,238.0,226.28571428571428,242.25,246.5,atr,2023-10-16,221.5,SL,-1.4085365853658527,-0.06932773109243698,1
2382,A1,long,B,5,2023-10-18,217.0,208.17857142857142,219.75,222.5,fixed,2023-10-19,207.0,SL,-1.1336032388663952,-0.04608294930875576,1
2382,A1,long,B,5,2023-10-18,217.0,205.71428571428572,219.75,222.5,atr,2023-10-19,205.71428571428572,SL,-1.0,-0.05200789993416718,1
2382,A1,short,B,5,2023-11-15,214.5,220.09821428571428,210.25,206.0,fixed,2023-11-16,210.25,TP1,0.7591706539074972,0.019813519813519812,1
2382,A1,short,B,5,2023-11-15,214.5,222.89285714285714,210.25,206.0,atr,2023-11-16,210.25,TP1,0.5063829787234045,0.019813519813519812,1
2382,A1,long,B,5,2023-11-28,196.0,186.05357142857142,202.5,209.0,fixed,2023-11-30,202.5,TP1,0.6535008976660674,0.03316326530612245,2
2382,A1,long,B,5,2023-11-28,196.0,188.21428571428572,202.5,209.0,atr,2023-11-30,202.5,TP1,0.8348623853211018,0.03316326530612245,2
2382,A1,long,B,5,2024-01-04,214.0,194.33928571428572,214.5,215.0,fixed,2024-01-05,215.0,TP2,0.05086285195277023,0.004672897196261682,1
2382,A1,long,B,5,2024-01-04,214.0,207.35714285714286,214.5,215.0,atr,2024-01-05,215.0,TP2,0.15053763440860224,0.004672897196261682,1
2382,A1,long,B,5,2024-01-09,220.5,201.8125,218.0,215.5,fixed,2024-01-10,215.5,TP2,-0.26755852842809363,-0.022675736961451247,1
2382,A1,long,B,5,2024-01-09,220.5,213.75,218.0,215.5,atr,2024-01-10,215.5,TP2,-0.7407407407407407,-0.022675736961451247,1
2382,A1,long,B,5,2024-01-10,215.0,201.74107142857142,220.0,225.0,fixed,2024-01-11,225.0,TP2,0.7542087542087536,0.046511627906976744,1
2382,A1,long,B,5,2024-01-10,215.0,207.96428571428572,220.0,225.0,atr,2024-01-11,225.0,TP2,1.4213197969543163,0.046511627906976744,1
2382,A1,long,B,5,2024-01-11,220.0,201.80357142857142,222.5,225.0,fixed,2024-01-12,225.0,TP2,0.27477919528949935,0.022727272727272728,1
2382,A1,long,B,5,2024-01-11,220.0,213.21428571428572,222.5,225.0,atr,2024-01-12,225.0,TP2,0.7368421052631587,0.022727272727272728,1
2382,A1,long,B,5,2024-01-15,234.5,201.74107142857142,229.75,225.0,fixed,2024-01-16,225.0,TP2,-0.2899972744617061,-0.04051172707889126,1
2382,A1,long,B,5,2024-01-15,234.5,227.46428571428572,229.75,225.0,atr,2024-01-16,225.5,SL,-1.2791878172588846,-0.03837953091684435,1
2382,A1,long,B,5,2024-01-16,225.5,201.65178571428572,225.25,225.0,fixed,2024-01-17,225.0,TP2,-0.02096593036315987,-0.0022172949002217295,1
2382,A1,long,B,5,2024-01-16,225.5,218.10714285714286,225.25,225.0,atr,2024-01-17,225.0,TP2,-0.06763285024154593,-0.0022172949002217295,1
2382,A1,long,B,5,2024-01-17,230.0,202.11607142857142,230.0,230.0,fixed,2024-01-19,230.0,TP2,0.0,0.0,2
2382,A1,long,B,5,2024-01-17,230.0,222.46428571428572,230.0,230.0,atr,2024-01-18,222.46428571428572,SL,-1.0,-0.03276397515527947,1
2382,A1,long,B,5,2024-01-19,226.0,201.98214285714286,226.25,226.5,fixed,2024-01-22,226.5,TP2,0.020817843866171006,0.0022123893805309734,1
2382,A1,long,B,5,2024-01-19,226.0,217.92857142857142,226.25,226.5,atr,2024-01-22,226.5,TP2,0.061946902654867166,0.0022123893805309734,1
2382,A1,long,B,5,2024-01-22,252.5,211.30357142857142,240.25,228.0,fixed,2024-01-23,228.0,TP2,-0.5947117468573904,-0.09702970297029703,1
2382,A1,long,B,5,2024-01-22,252.5,243.71428571428572,240.25,228.0,atr,2024-01-23,228.0,TP2,-2.7886178861788644,-0.09702970297029703,1
2382,A1,long,B,5,2024-01-23,255.0,211.15178571428572,243.0,231.0,fixed,2024-01-24,231.0,TP2,-0.5473427000610874,-0.09411764705882353,1
2382,A1,long,B,5,2024-01-23,255.0,245.60714285714286,243.0,231.0,atr,2024-01-24,231.0,TP2,-2.5551330798479097,-0.09411764705882353,1
2382,A1,long,B,5,2024-02-21,239.5,223.30357142857142,244.5,249.5,fixed,2024-02-22,244.5,TP1,0.30871003307607475,0.020876826722338204,1
2382,A1,long,B,5,2024-02-21,239.5,230.71428571428572,244.5,249.5,atr,2024-02-22,244.5,TP1,0.5691056910569111,0.020876826722338204,1
2382,A1,long,B,5,2024-02-23,248.5,223.16964285714286,249.0,249.5,fixed,2024-03-11,249.5,TP2,0.03947832217130773,0.004024144869215292,10
2382,A1,long,B,5,2024-02-23,248.5,239.17857142857142,249.0,249.5,atr,2024-02-26,239.17857142857142,SL,-1.0,-0.037510778959471164,1
2382,A1,long,B,5,2024-02-26,240.0,223.14285714285714,244.75,249.5,fixed,2024-03-05,244.75,TP1,0.28177966101694907,0.019791666666666666,5
2382,A1,long,B,5,2024-02-26,240.0,230.57142857142858,244.75,249.5,atr,2024-02-27,230.57142857142858,SL,-1.0,-0.039285714285714236,1
2382,A1,long,B,5,2024-02-27,241.0,223.19642857142858,245.25,249.5,fixed,2024-03-05,245.25,TP1,0.23871614844533617,0.017634854771784232,4
2382,A1,long,B,5,2024-02-27,241.0,231.78571428571428,245.25,249.5,atr,2024-02-29,230.5,SL,-1.1395348837209291,-0.043568464730290454,1
2382,A1,short,A,6,2024-03-06,243.0,275.23214285714283,242.25,241.5,fixed,2024-03-07,241.5,TP2,0.04653739612188369,0.006172839506172839,1
2382,A1,short,A,6,2024-03-06,243.0,251.92857142857142,242.25,241.5,atr,2024-03-07,241.5,TP2,0.16800000000000023,0.006172839506172839,1
2382,A1,short,B,5,2024-03-07,248.0,275.2232142857143,245.25,242.5,fixed,2024-03-08,242.5,TP2,0.20203345359134148,0.02217741935483871,1
2382,A1,short,B,5,2024-03-07,248.0,256.89285714285717,245.25,242.5,atr,2024-03-08,242.5,TP2,0.6184738955823276,0.02217741935483871,1
2382,A1,short,B,5,2024-03-08,241.0,275.04464285714283,239.5,238.0,fixed,2024-03-15,239.5,TP1,0.04405979543666408,0.006224066390041493,5
2382,A1,short,B,5,2024-03-08,241.0,249.17857142857142,239.5,238.0,atr,2024-03-11,249.17857142857142,SL,-1.0,-0.033935981031416665,1
2382,A1,short,B,5,2024-03-11,243.5,274.8482142857143,240.0,236.5,fixed,2024-03-15,240.0,TP1,0.11164910281970951,0.014373716632443531,4
2382,A1,short,B,5,2024-03-11,243.5,250.89285714285714,240.0,236.5,atr,2024-03-12,253.0,SL,-1.2850241545893726,-0.039014373716632446,1
2382,A1,short,B,5,2024-03-12,253.0,274.91964285714283,248.0,243.0,fixed,2024-03-13,248.0,TP1,0.22810590631364588,0.019762845849802372,1
2382,A1,short,B,5,2024-03-12,253.0,260.67857142857144,248.0,243.0,atr,2024-03-13,248.0,TP1,0.651162790697673,0.019762845849802372,1
2382,A1,long,A,6,2024-04-10,290.0,236.63392857142858,288.75,287.5,fixed,2024-04-11,287.5,TP2,-0.0468462439350845,-0.008620689655172414,1
2382,A1,long,A,6,2024-04-10,290.0,278.5357142857143,288.75,287.5,atr,2024-04-11,287.5,TP2,-0.21806853582554503,-0.008620689655172414,1
2382,A1,long,B,5,2024-04-11,282.0,236.60714285714286,285.0,288.0,fixed,2024-04-22,236.60714285714286,SL,-1.0,-0.16096757852076998,7
2382,A1,long,B,5,2024-04-11,282.0,270.42857142857144,285.0,288.0,atr,2024-04-15,268.5,SL,-1.1666666666666683,-0.047872340425531915,2
2382,A1,long,A,6,2024-04-12,276.5,236.71428571428572,282.5,288.5,fixed,2024-04-22,236.71428571428572,SL,-1.0,-0.1438904675794368,6
2382,A1,long,A,6,2024-04-12,276.5,265.35714285714283,282.5,288.5,atr,2024-04-15,265.35714285714283,SL,-1.0,-0.04029966416946534,1
2382,A1,long,B,5,2024-04-25,257.5,248.21428571428572,273.75,290.0,fixed,2024-05-08,273.75,TP1,1.7500000000000016,0.06310679611650485,8
2382,A1,long,B,5,2024-04-25,257.5,246.35714285714286,273.75,290.0,atr,2024-05-08,273.75,TP1,1.458333333333334,0.06310679611650485,8
2382,A1,long,B,5,2024-04-29,260.5,256.04464285714283,275.25,290.0,fixed,2024-05-02,254.0,SL,-1.4589178356713348,-0.02495201535508637,2
2382,A1,long,B,5,2024-04-29,260.5,248.67857142857142,275.25,290.0,atr,2024-05-08,275.25,TP1,1.2477341389728083,0.05662188099808062,6
2382,A1,long,B,5,2024-05-20,287.5,230.47321428571428,286.5,285.5,fixed,2024-05-21,285.5,TP2,-0.03507123845310787,-0.006956521739130435,1
2382,A1,long,B,5,2024-05-20,287.5,277.39285714285717,286.5,285.5,atr,2024-05-21,285.5,TP2,-0.1978798586572443,-0.006956521739130435,1
2382,A1,long,B,5,2024-05-21,282.5,230.4375,283.5,284.5,fixed,2024-05-22,284.5,TP2,0.03841536614645858,0.007079646017699115,1
2382,A1,long,B,5,2024-05-21,282.5,272.25,283.5,284.5,atr,2024-05-22,284.5,TP2,0.1951219512195122,0.007079646017699115,1
2382,A1,long,B,5,2024-06-12,277.0,269.88392857142856,279.75,282.5,fixed,2024-06-13,282.5,TP2,0.7728983688833106,0.019855595667870037,1
2382,A1,long,B,5,2024-06-12,277.0,268.5357142857143,279.75,282.5,atr,2024-06-13,282.5,TP2,0.6497890295358644,0.019855595667870037,1
2382,A1,short,B,5,2024-06-17,290.5,295.125,286.5,282.5,fixed,2024-06-19,295.125,SL,-1.0,-0.015920826161790018,2
2382,A1,short,B,5,2024-06-17,290.5,299.0,286.5,282.5,atr,2024-06-19,299.0,SL,-1.0,-0.029259896729776247,2
2382,A1,short,B,5,2024-06-18,290.0,295.08035714285717,286.25,282.5,fixed,2024-06-19,295.08035714285717,SL,-1.0,-0.017518472906404025,1
2382,A1,short,B,5,2024-06-18,290.0,298.32142857142856,286.25,282.5,atr,2024-06-19,298.32142857142856,SL,-1.0,-0.028694581280788122,1
2382,A1,short,B,5,2024-06-19,292.5,295.08035714285717,287.5,282.5,fixed,2024-06-20,319.0,SL,-10.26989619377153,-0.0905982905982906,1
2382,A1,short,B,5,2024-06-19,292.5,300.82142857142856,287.5,282.5,atr,2024-06-20,319.0,SL,-3.184549356223182,-0.0905982905982906,1
2382,A1,long,B,5,2024-07-17,321.0,288.8482142857143,326.0,331.0,fixed,2024-07-22,288.8482142857143,SL,-1.0,-0.10016132621272811,3
2382,A1,long,B,5,2024-07-17,321.0,310.39285714285717,326.0,331.0,atr,2024-07-18,302.5,SL,-1.7441077441077482,-0.05763239875389408,1
2382,A1,long,B,5,2024-07-22,296.0,290.69642857142856,302.75,309.5,fixed,2024-07-26,275.0,SL,-3.9595959595959473,-0.07094594594594594,2
2382,A1,long,B,5,2024-07-22,296.0,284.7857142857143,302.75,309.5,atr,2024-07-26,275.0,SL,-1.8726114649681516,-0.07094594594594594,2
2382,A1,short,B,5,2024-07-23,294.5,345.9375,294.0,293.5,fixed,2024-07-26,293.5,TP2,0.019441069258809233,0.003395585738539898,1
2382,A1,short,B,5,2024-07-23,294.5,306.25,294.0,293.5,atr,2024-07-26,293.5,TP2,0.0851063829787234,0.003395585738539898,1
2382,A1,short,B,5,2024-07-26,275.0,346.00892857142856,283.5,292.0,fixed,2024-07-29,292.0,TP2,-0.2394065132654345,-0.06181818181818182,1
2382,A1,short,B,5,2024-07-26,275.0,287.0357142857143,283.5,292.0,atr,2024-07-29,292.0,TP2,-1.4124629080118705,-0.06181818181818182,1
2382,A1,short,B,5,2024-07-29,278.0,346.32142857142856,285.0,292.0,fixed,2024-07-30,292.0,TP2,-0.20491374803972823,-0.050359712230215826,1
2382,A1,short,B,5,2024-07-29,278.0,291.2857142857143,285.0,292.0,atr,2024-07-30,292.0,TP2,-1.0537634408602157,-0.050359712230215826,1
2382,A1,short,B,5,2024-08-21,282.0,302.0982142857143,277.0,272.0,fixed,2024-08-22,277.0,TP1,0.24877832074633507,0.01773049645390071,1
2382,A1,short,B,5,2024-08-21,282.0,296.39285714285717,277.0,272.0,atr,2024-08-22,277.0,TP1,0.34739454094292743,0.01773049645390071,1
2382,A1,long,B,5,2024-10-14,282.5,238.79464285714286,279.5,276.5,fixed,2024-10-15,276.5,TP2,-0.1372829417773238,-0.021238938053097345,1
2382,A1,long,B,5,2024-10-14,282.5,273.67857142857144,279.5,276.5,atr,2024-10-15,276.5,TP2,-0.6801619433198393,-0.021238938053097345,1
2382,A1,long,B,5,2024-10-16,290.0,245.66071428571428,283.25,276.5,fixed,2024-10-17,276.5,TP2,-0.3044703987112364,-0.04655172413793104,1
2382,A1,long,B,5,2024-10-16,290.0,280.64285714285717,283.25,276.5,atr,2024-10-17,276.5,TP2,-1.4427480916030573,-0.04655172413793104,1
2382,A1,long,B,5,2024-11-08,328.0,285.54464285714283,326.25,324.5,fixed,2024-11-11,324.5,TP2,-0.08243953732912719,-0.010670731707317074,1
2382,A1,long,B,5,2024-11-08,328.0,318.17857142857144,326.25,324.5,atr,2024-11-11,324.5,TP2,-0.35636363636363694,-0.010670731707317074,1
2382,A1,long,B,5,2024-11-11,328.0,285.6875,326.25,324.5,fixed,2024-11-28,285.6875,SL,-1.0,-0.1290015243902439,13
2382,A1,long,B,5,2024-11-11,328.0,318.75,326.25,324.5,atr,2024-11-12,318.75,SL,-1.0,-0.028201219512195123,1
2382,A1,long,B,5,2024-11-12,319.5,285.6875,323.0,326.5,fixed,2024-11-28,285.6875,SL,-1.0,-0.10582942097026604,12
2382,A1,long,B,5,2024-11-12,319.5,310.25,323.0,326.5,atr,2024-11-14,310.25,SL,-1.0,-0.028951486697965573,2
2382,A1,long,B,5,2024-11-21,290.5,286.9017857142857,298.25,306.0,fixed,2024-11-22,298.25,TP1,2.1538461538461586,0.02667814113597246,1
2382,A1,long,B,5,2024-11-21,290.5,280.10714285714283,298.25,306.0,atr,2024-11-22,298.25,TP1,0.7457044673539501,0.02667814113597246,1
2382,A1,short,B,5,2024-12-09,299.5,322.19642857142856,297.5,295.5,fixed,2024-12-10,295.5,TP2,0.17623918174665631,0.01335559265442404,1
2382,A1,short,B,5,2024-12-09,299.5,306.2857142857143,297.5,295.5,atr,2024-12-10,295.5,TP2,0.589473684210527,0.01335559265442404,1
2382,A1,short,B,5,2024-12-10,297.0,322.19642857142856,296.25,295.5,fixed,2024-12-11,295.5,TP2,0.05953224663359324,0.005050505050505051,1
2382,A1,short,B,5,2024-12-10,297.0,303.7857142857143,296.25,295.5,atr,2024-12-11,295.5,TP2,0.22105263157894764,0.005050505050505051,1
2382,A1,short,B,5,2024-12-11,290.5,322.17857142857144,289.25,288.0,fixed,2024-12-12,288.0,TP2,0.07891770011273953,0.008605851979345954,1
2382,A1,short,B,5,2024-12-11,290.5,297.2142857142857,289.25,288.0,atr,2024-12-12,288.0,TP2,0.37234042553191443,0.008605851979345954,1
2382,A1,long,B,5,2024-12-16,287.0,286.4375,290.25,293.5,fixed,2024-12-17,273.0,SL,-24.88888888888889,-0.04878048780487805,1
2382,A1,long,B,5,2024-12-16,287.0,280.75,290.25,293.5,atr,2024-12-17,273.0,SL,-2.24,-0.04878048780487805,1
2382,A1,short,A,6,2024-12-17,273.0,302.66964285714283,280.0,287.0,fixed,2024-12-18,287.0,TP2,-0.4718627746012643,-0.05128205128205128,1
2382,A1,short,A,6,2024-12-17,273.0,279.67857142857144,280.0,287.0,atr,2024-12-18,287.0,TP2,-2.0962566844919737,-0.05128205128205128,1
2382,A1,short,B,5,2024-12-18,272.0,302.5625,279.75,287.5,fixed,2024-12-19,287.5,TP2,-0.5071574642126789,-0.05698529411764706,1
2382,A1,short,B,5,2024-12-18,272.0,278.25,279.75,287.5,atr,2024-12-19,287.5,TP2,-2.48,-0.05698529411764706,1
2382,A1,short,B,5,2025-02-20,268.5,273.8392857142857,264.25,260.0,fixed,2025-02-24,264.25,TP1,0.7959866220735774,0.015828677839851025,2
2382,A1,short,B,5,2025-02-20,268.5,275.85714285714283,264.25,260.0,atr,2025-02-24,264.25,TP1,0.5776699029126233,0.015828677839851025,2
2382,A1,short,B,5,2025-03-20,256.5,267.8482142857143,253.25,250.0,fixed,2025-03-24,250.0,TP2,0.572777340676633,0.025341130604288498,2
2382,A1,short,B,5,2025-03-20,256.5,263.89285714285717,253.25,250.0,atr,2025-03-24,250.0,TP2,0.8792270531400938,0.025341130604288498,2
2382,A1,short,B,5,2025-03-21,258.5,267.76785714285717,255.0,251.5,fixed,2025-03-24,251.5,TP2,0.7552986512524065,0.027079303675048357,1
2382,A1,short,B,5,2025-03-21,258.5,265.57142857142856,255.0,251.5,atr,2025-03-24,251.5,TP2,0.9898989898989922,0.027079303675048357,1
2382,A1,short,B,5,2025-03-24,256.5,267.7142857142857,254.25,252.0,fixed,2025-03-25,252.0,TP2,0.40127388535031816,0.017543859649122806,1
2382,A1,short,B,5,2025-03-24,256.5,263.35714285714283,254.25,252.0,atr,2025-03-25,252.0,TP2,0.6562500000000023,0.017543859649122806,1
2382,A1,long,A,6,2025-03-26,249.5,245.35714285714286,253.75,258.0,fixed,2025-03-27,245.35714285714286,SL,-1.0,-0.0166046378471228,1
2382,A1,long,A,6,2025-03-26,249.5,242.92857142857142,253.75,258.0,atr,2025-03-28,242.5,SL,-1.065217391304346,-0.028056112224448898,2
2382,A1,long,B,5,2025-03-27,247.0,245.35714285714286,252.5,258.0,fixed,2025-03-28,242.5,SL,-2.7391304347826155,-0.018218623481781375,1
2382,A1,long,B,5,2025-03-27,247.0,240.42857142857142,252.5,258.0,atr,2025-03-28,240.42857142857142,SL,-1.0,-0.026604973973395077,1
2382,A1,long,B,5,2025-03-28,242.5,246.33928571428572,250.25,258.0,fixed,2025-03-31,228.0,SL,-3.776744186046504,-0.05979381443298969,1
2382,A1,long,B,5,2025-03-28,242.5,235.85714285714286,250.25,258.0,atr,2025-03-31,228.0,SL,-2.1827956989247324,-0.05979381443298969,1
2382,A1,long,B,5,2025-04-01,227.0,244.25,242.5,258.0,fixed,2025-04-02,235.0,SL,0.463768115942029,0.03524229074889868,1
2382,A1,long,B,5,2025-04-01,227.0,220.0,242.5,258.0,atr,2025-04-07,210.0,SL,-2.4285714285714284,-0.07488986784140969,2
2382,A1,short,B,5,2025-04-02,235.0,266.2857142857143,241.5,248.0,fixed,2025-04-07,248.0,TP2,-0.41552511415525123,-0.05531914893617021,1
2382,A1,short,B,5,2025-04-02,235.0,242.14285714285714,241.5,248.0,atr,2025-04-07,248.0,TP2,-1.820000000000001,-0.05531914893617021,1
2382,A1,long,B,5,2025-05-08,256.0,188.03571428571428,254.25,252.5,fixed,2025-05-09,252.5,TP2,-0.05149763531266421,-0.013671875,1
2382,A1,long,B,5,2025-05-08,256.0,248.14285714285714,254.25,252.5,atr,2025-05-09,252.5,TP2,-0.4454545454545452,-0.013671875,1
2382,A1,long,A,6,2025-05-09,253.0,188.0625,250.75,248.5,fixed,2025-05-12,248.5,TP2,-0.06929740134744947,-0.017786561264822136,1
2382,A1,long,A,6,2025-05-09,253.0,245.25,250.75,248.5,atr,2025-05-12,248.5,TP2,-0.5806451612903226,-0.017786561264822136,1
2382,A1,long,B,5,2025-06-02,270.0,249.29464285714286,274.25,278.5,fixed,2025-06-03,274.25,TP1,0.20526088831392847,0.01574074074074074,1
2382,A1,long,B,5,2025-06-02,270.0,263.17857142857144,274.25,278.5,atr,2025-06-03,274.25,TP1,0.6230366492146612,0.01574074074074074,1
2382,A1,long,B,5,2025-06-13,283.5,263.5625,281.25,279.0,fixed,2025-06-16,279.0,TP2,-0.22570532915360503,-0.015873015873015872,1
2382,A1,long,B,5,2025-06-13,283.5,277.75,281.25,279.0,atr,2025-06-16,279.0,TP2,-0.782608695652174,-0.015873015873015872,1
2382,A1,long,B,5,2025-06-27,290.0,267.64285714285717,288.75,287.5,fixed,2025-07-22,267.64285714285717,SL,-1.0,-0.07709359605911321,17
2382,A1,long,B,5,2025-06-27,290.0,284.57142857142856,288.75,287.5,atr,2025-06-30,275.0,SL,-2.763157894736834,-0.05172413793103448,1
2382,A1,long,B,5,2025-07-09,273.5,271.38392857142856,278.25,283.0,fixed,2025-07-11,271.38392857142856,SL,-1.0,-0.007737007051449524,2
2382,A1,long,B,5,2025-07-09,273.5,267.0357142857143,278.25,283.0,atr,2025-07-22,267.0357142857143,SL,-1.0,-0.02363541394620008,9
2382,A1,long,B,5,2025-07-11,272.5,271.4107142857143,275.75,279.0,fixed,2025-07-14,271.4107142857143,SL,-1.0,-0.0039973787680209994,1
2382,A1,long,B,5,2025-07-11,272.5,266.14285714285717,275.75,279.0,atr,2025-07-16,275.75,TP1,0.5112359550561817,0.011926605504587157,3
2382,A1,short,B,5,2025-07-29,271.5,280.23214285714283,267.75,264.0,fixed,2025-07-30,267.75,TP1,0.4294478527607374,0.013812154696132596,1
2382,A1,short,B,5,2025-07-29,271.5,276.42857142857144,267.75,264.0,atr,2025-07-30,267.75,TP1,0.7608695652173888,0.013812154696132596,1
2382,A1,short,B,5,2025-07-30,269.0,280.26785714285717,268.0,267.0,fixed,2025-07-31,280.26785714285717,SL,-1.0,-0.04188794476898575,1
2382,A1,short,B,5,2025-07-30,269.0,274.07142857142856,268.0,267.0,atr,2025-07-31,274.07142857142856,SL,-1.0,-0.01885289431757827,1
2382,A1,short,B,5,2025-09-03,253.0,292.92857142857144,254.25,255.5,fixed,2025-09-30,292.92857142857144,SL,-1.0,-0.15782044042913615,18
2382,A1,short,B,5,2025-09-03,253.0,258.7142857142857,254.25,255.5,atr,2025-09-04,258.7142857142857,SL,-1.0,-0.022586109542631315,1
2382,A1,short,B,5,2025-09-05,258.5,292.88392857142856,257.25,256.0,fixed,2025-09-09,256.0,TP2,0.07270838743183593,0.009671179883945842,2
2382,A1,short,B,5,2025-09-05,258.5,264.0357142857143,257.25,256.0,atr,2025-09-09,256.0,TP2,0.4516129032258071,0.009671179883945842,2
2382,A1,long,B,5,2025-10-07,310.5,254.21428571428572,300.75,291.0,fixed,2025-10-08,291.0,TP2,-0.3464467005076143,-0.06280193236714976,1
2382,A1,long,B,5,2025-10-07,310.5,303.35714285714283,300.75,291.0,atr,2025-10-08,291.0,TP2,-2.7299999999999907,-0.06280193236714976,1
2382,A1,long,B,5,2025-10-22,289.0,277.1875,293.25,297.5,fixed,2025-10-23,297.5,TP2,0.7195767195767195,0.029411764705882353,1
2382,A1,long,B,5,2025-10-22,289.0,279.75,293.25,297.5,atr,2025-10-23,297.5,TP2,0.918918918918919,0.029411764705882353,1
2382,A1,long,B,5,2025-10-27,303.5,277.8125,300.75,298.0,fixed,2025-10-28,298.0,TP2,-0.2141119221411192,-0.018121911037891267,1
2382,A1,long,B,5,2025-10-27,303.5,294.75,300.75,298.0,atr,2025-10-28,298.0,TP2,-0.6285714285714286,-0.018121911037891267,1
2382,A1,short,B,5,2025-10-31,306.0,310.2142857142857,298.5,291.0,fixed,2025-11-03,298.5,TP1,1.7796610169491491,0.024509803921568627,1
2382,A1,short,B,5,2025-10-31,306.0,314.85714285714283,298.5,291.0,atr,2025-11-03,298.5,TP1,0.8467741935483895,0.024509803921568627,1
2382,A1,short,B,5,2025-11-05,282.0,315.94642857142856,287.25,292.5,fixed,2025-11-06,292.5,TP2,-0.30931088900578657,-0.03723404255319149,1
2382,A1,short,B,5,2025-11-05,282.0,289.7857142857143,287.25,292.5,atr,2025-11-06,289.7857142857143,SL,-1.0,-0.02760891590678822,1
2382,A1,short,B,5,2025-11-10,288.0,313.125,287.0,286.0,fixed,2025-11-12,286.0,TP2,0.07960199004975124,0.006944444444444444,2
2382,A1,short,B,5,2025-11-10,288.0,296.5,287.0,286.0,atr,2025-11-11,296.5,SL,-1.0,-0.029513888888888888,1
2382,A1,short,B,5,2025-12-02,288.0,300.2232142857143,282.5,277.0,fixed,2025-12-05,300.2232142857143,SL,-1.0,-0.042441716269841244,3
2382,A1,short,B,5,2025-12-02,288.0,294.89285714285717,282.5,277.0,atr,2025-12-05,294.89285714285717,SL,-1.0,-0.02393353174603183,3
2382,A1,short,B,5,2025-12-04,293.0,299.16964285714283,290.25,287.5,fixed,2025-12-05,299.16964285714283,SL,-1.0,-0.021056801560214448,1
2382,A1,short,B,5,2025-12-04,293.0,299.67857142857144,290.25,287.5,atr,2025-12-05,299.67857142857144,SL,-1.0,-0.022793759141882065,1
2382,A1,short,B,5,2025-12-05,294.5,299.0892857142857,291.0,287.5,fixed,2025-12-09,299.0892857142857,SL,-1.0,-0.015583313121513488,2
2382,A1,short,B,5,2025-12-05,294.5,300.85714285714283,291.0,287.5,atr,2025-12-09,300.85714285714283,SL,-1.0,-0.021586223623574985,2
2382,A1,long,B,5,2025-12-08,297.5,272.41964285714283,299.25,301.0,fixed,2025-12-09,301.0,TP2,0.13955144179423268,0.011764705882352941,1
2382,A1,long,B,5,2025-12-08,297.5,291.17857142857144,299.25,301.0,atr,2025-12-09,301.0,TP2,0.5536723163841822,0.011764705882352941,1
2382,A2,long,B,4,2025-12-24,265.5,281.0,279.75,294.0,fixed,2025-12-26,265.0,SL,-0.03225806451612903,-0.0018832391713747645,1
2382,A2,long,B,4,2025-12-24,265.5,259.42857142857144,279.75,294.0,atr,2026-01-02,279.75,TP1,2.347058823529418,0.05367231638418079,5
2382,A2,long,B,4,2025-12-26,265.0,281.0,278.75,292.5,fixed,2025-12-29,262.0,SL,-0.1875,-0.011320754716981131,1
2382,A2,long,B,4,2025-12-26,265.0,258.85714285714283,278.75,292.5,atr,2026-01-02,278.75,TP1,2.238372093023247,0.05188679245283019,4
2382,A1,short,B,5,2026-01-02,274.0,286.94642857142856,269.5,265.0,fixed,2026-01-09,286.94642857142856,SL,-1.0,-0.04724973931178305,5
2382,A1,short,B,5,2026-01-02,274.0,279.7857142857143,269.5,265.0,atr,2026-01-05,279.7857142857143,SL,-1.0,-0.021115745568300284,1
2382,A1,short,B,5,2026-01-05,277.5,286.99107142857144,271.25,265.0,fixed,2026-01-09,286.99107142857144,SL,-1.0,-0.03420205920205926,4
2382,A1,short,B,5,2026-01-05,277.5,283.4642857142857,271.25,265.0,atr,2026-01-07,283.4642857142857,SL,-1.0,-0.02149292149292152,2
2382,A1,short,B,5,2026-01-07,282.0,287.0357142857143,273.5,265.0,fixed,2026-01-08,273.5,TP1,1.6879432624113502,0.030141843971631204,1
2382,A1,short,B,5,2026-01-07,282.0,288.14285714285717,273.5,265.0,atr,2026-01-08,273.5,TP1,1.3837209302325526,0.030141843971631204,1
2382,A1,short,B,5,2026-01-08,280.5,286.9017857142857,272.75,265.0,fixed,2026-01-09,286.9017857142857,SL,-1.0,-0.022822765469824324,1
2382,A1,short,B,5,2026-01-08,280.5,286.10714285714283,272.75,265.0,atr,2026-01-09,286.10714285714283,SL,-1.0,-0.01998981410746108,1
2382,A1,short,B,5,2026-01-09,278.0,286.9375,271.5,265.0,fixed,2026-01-14,286.9375,SL,-1.0,-0.03214928057553957,3
2382,A1,short,B,5,2026-01-09,278.0,283.75,271.5,265.0,atr,2026-01-12,285.5,SL,-1.3043478260869565,-0.02697841726618705,1
2382,A1,short,B,5,2026-01-12,285.5,287.0982142857143,275.25,265.0,fixed,2026-01-16,287.0982142857143,SL,-1.0,-0.005597948461345981,4
2382,A1,short,B,5,2026-01-12,285.5,291.89285714285717,275.25,265.0,atr,2026-01-21,275.25,TP1,1.6033519553072564,0.03590192644483362,7
2382,A1,short,B,5,2026-01-15,285.5,284.29464285714283,275.25,265.0,fixed,2026-01-16,286.0,SL,-0.4148148148148064,-0.0017513134851138354,1
2382,A1,short,B,5,2026-01-15,285.5,292.67857142857144,275.25,265.0,atr,2026-01-21,275.25,TP1,1.4278606965174097,0.03590192644483362,4
2382,A1,long,B,5,2026-01-21,275.5,261.49107142857144,277.75,280.0,fixed,2026-01-22,280.0,TP2,0.3212237093690252,0.016333938294010888,1
2382,A1,long,B,5,2026-01-21,275.5,267.4642857142857,277.75,280.0,atr,2026-01-22,280.0,TP2,0.5600000000000006,0.016333938294010888,1
2382,A1,long,B,5,2026-01-22,279.5,261.55357142857144,279.75,280.0,fixed,2026-01-23,280.0,TP2,0.02786069651741296,0.0017889087656529517,1
2382,A1,long,B,5,2026-01-22,279.5,271.7142857142857,279.75,280.0,atr,2026-01-23,280.0,TP2,0.0642201834862386,0.0017889087656529517,1
2382,A1,long,B,5,2026-01-23,284.5,261.5892857142857,286.0,287.5,fixed,2026-01-26,286.0,TP1,0.06547155105222138,0.005272407732864675,1
2382,A1,long,B,5,2026-01-23,284.5,276.85714285714283,286.0,287.5,atr,2026-01-26,286.0,TP1,0.19626168224299004,0.005272407732864675,1
2382,A1,long,B,5,2026-01-26,283.0,261.55357142857144,285.0,287.0,fixed,2026-01-27,287.0,TP2,0.18651124063280614,0.014134275618374558,1
2382,A1,long,B,5,2026-01-26,283.0,275.2142857142857,285.0,287.0,atr,2026-01-27,287.0,TP2,0.5137614678899088,0.014134275618374558,1
2382,A1,long,B,5,2026-01-27,287.5,261.58035714285717,287.25,287.0,fixed,2026-01-28,287.0,TP2,-0.019290389252497434,-0.0017391304347826088,1
2382,A1,long,B,5,2026-01-27,287.5,279.82142857142856,287.25,287.0,atr,2026-01-28,287.0,TP2,-0.0651162790697673,-0.0017391304347826088,1
2382,A1,long,B,5,2026-01-28,288.0,268.07142857142856,287.5,287.0,fixed,2026-01-29,287.0,TP2,-0.05017921146953401,-0.003472222222222222,1
2382,A1,long,B,5,2026-01-28,288.0,280.2857142857143,287.5,287.0,atr,2026-01-29,287.0,TP2,-0.12962962962962948,-0.003472222222222222,1
2382,A1,long,B,5,2026-01-30,282.5,268.25892857142856,284.25,286.0,fixed,2026-02-09,284.25,TP1,0.12288401253918481,0.006194690265486726,6
2382,A1,long,B,5,2026-01-30,282.5,275.5357142857143,284.25,286.0,atr,2026-02-02,275.5357142857143,SL,-1.0,-0.024652338811630876,1
2382,A1,long,B,5,2026-02-02,279.5,273.2857142857143,280.5,281.5,fixed,2026-02-03,273.2857142857143,SL,-1.0,-0.022233580373115285,1
2382,A1,long,B,5,2026-02-02,279.5,272.64285714285717,280.5,281.5,atr,2026-02-03,272.64285714285717,SL,-1.0,-0.02453360592895468,1
2382,A1,long,B,5,2026-02-03,278.5,271.7767857142857,280.0,281.5,fixed,2026-02-05,281.5,TP2,0.4462151394422316,0.010771992818671455,2
2382,A1,long,B,5,2026-02-03,278.5,271.60714285714283,280.0,281.5,atr,2026-02-05,281.5,TP2,0.4352331606217601,0.010771992818671455,2
2382,A1,long,B,5,2026-02-09,284.0,275.1607142857143,282.75,281.5,fixed,2026-02-10,281.5,TP2,-0.2828282828282826,-0.008802816901408451,1
2382,A1,long,B,5,2026-02-09,284.0,276.64285714285717,282.75,281.5,atr,2026-02-10,281.5,TP2,-0.3398058252427196,-0.008802816901408451,1
2382,A1,short,B,5,2026-02-10,285.0,291.8482142857143,283.25,281.5,fixed,2026-02-11,281.5,TP2,0.5110821382007829,0.012280701754385965,1
2382,A1,short,B,5,2026-02-10,285.0,292.39285714285717,283.25,281.5,atr,2026-02-11,281.5,TP2,0.4734299516908197,0.012280701754385965,1
2382,A1,short,B,5,2026-02-11,286.0,291.82142857142856,283.75,281.5,fixed,2026-02-23,283.75,TP1,0.3865030674846637,0.007867132867132868,1
2382,A1,short,B,5,2026-02-11,286.0,293.2857142857143,283.75,281.5,atr,2026-02-23,283.75,TP1,0.30882352941176505,0.007867132867132868,1
2382,A1,short,B,5,2026-02-23,288.0,291.7767857142857,284.75,281.5,fixed,2026-02-24,284.75,TP1,0.8605200945626459,0.011284722222222222,1
2382,A1,short,B,5,2026-02-23,288.0,295.10714285714283,284.75,281.5,atr,2026-02-24,284.75,TP1,0.4572864321608056,0.011284722222222222,1
2382,A1,short,B,5,2026-02-25,285.5,290.2142857142857,284.0,282.5,fixed,2026-02-26,302.0,SL,-3.499999999999994,-0.05779334500875657,1
2382,A1,short,B,5,2026-02-25,285.5,292.35714285714283,284.0,282.5,atr,2026-02-26,302.0,SL,-2.4062500000000084,-0.05779334500875657,1
2382,A1,long,B,5,2026-03-10,286.0,266.07142857142856,286.0,286.0,fixed,2026-03-11,286.0,TP2,0.0,0.0,1
2382,A1,long,B,5,2026-03-10,286.0,276.2857142857143,286.0,286.0,atr,2026-03-11,286.0,TP2,0.0,0.0,1
2382,A1,long,B,5,2026-03-11,283.0,266.13392857142856,284.5,286.0,fixed,2026-03-12,286.0,TP2,0.1778718898888299,0.01060070671378092,1
2382,A1,long,B,5,2026-03-11,283.0,273.5357142857143,284.5,286.0,atr,2026-03-12,286.0,TP2,0.3169811320754714,0.01060070671378092,1
2382,A1,long,B,5,2026-03-13,286.0,266.07142857142856,291.25,296.5,fixed,2026-03-16,291.25,TP1,0.26344086021505353,0.018356643356643356,1
2382,A1,long,B,5,2026-03-13,286.0,276.2857142857143,291.25,296.5,atr,2026-03-16,291.25,TP1,0.5404411764705878,0.018356643356643356,1
2382,A1,long,B,5,2026-03-16,290.0,266.05357142857144,293.0,296.0,fixed,2026-03-18,293.0,TP1,0.12527964205816564,0.010344827586206896,2
2382,A1,long,B,5,2026-03-16,290.0,280.2142857142857,293.0,296.0,atr,2026-03-18,293.0,TP1,0.30656934306569367,0.010344827586206896,2
2382,A1,long,B,5,2026-03-17,290.5,266.08035714285717,292.75,295.0,fixed,2026-03-18,295.0,TP2,0.1842778793418649,0.01549053356282272,1
2382,A1,long,B,5,2026-03-17,290.5,280.82142857142856,292.75,295.0,atr,2026-03-18,295.0,TP2,0.46494464944649366,0.01549053356282272,1
2382,A1,short,B,5,2026-03-27,283.5,303.79464285714283,282.25,281.0,fixed,2026-03-30,281.0,TP2,0.12318521777386729,0.008818342151675485,1
2382,A1,short,B,5,2026-03-27,283.5,290.67857142857144,282.25,281.0,atr,2026-03-30,281.0,TP2,0.3482587064676609,0.008818342151675485,1
2382,A1,long,B,5,2026-05-04,317.5,281.17857142857144,319.25,321.0,fixed,2026-05-05,321.0,TP2,0.096361848574238,0.011023622047244094,1
2382,A1,long,B,5,2026-05-04,317.5,306.2142857142857,319.25,321.0,atr,2026-05-05,321.0,TP2,0.3101265822784812,0.011023622047244094,1
2382,A1,long,B,5,2026-05-05,317.0,281.16964285714283,319.0,321.0,fixed,2026-05-06,321.0,TP2,0.11163717916770488,0.012618296529968454,1
2382,A1,long,B,5,2026-05-05,317.0,305.67857142857144,319.0,321.0,atr,2026-05-06,321.0,TP2,0.35331230283911724,0.012618296529968454,1
2382,A1,long,B,5,2026-05-07,349.0,290.54464285714283,339.75,330.5,fixed,2026-05-07,344.0,EOD,-0.08553535970673587,-0.014326647564469915,0
2382,A1,long,B,5,2026-05-07,349.0,337.17857142857144,339.75,330.5,atr,2026-05-07,344.0,EOD,-0.4229607250755293,-0.014326647564469915,0
2330,A1,short,B,5,2023-03-21,515.0,526.1428571428571,513.0,511.0,fixed,2023-03-22,526.1428571428571,SL,-1.0,-0.02163661581137303,1
2330,A1,short,B,5,2023-03-21,515.0,523.5714285714286,513.0,511.0,atr,2023-03-22,524.0,SL,-1.050000000000002,-0.017475728155339806,1
2330,A1,long,B,5,2023-04-20,512.0,510.19642857142856,521.5,531.0,fixed,2023-04-21,510.19642857142856,SL,-1.0,-0.003522600446428603,1
2330,A1,long,B,5,2023-04-20,512.0,504.7857142857143,521.5,531.0,atr,2023-04-24,504.7857142857143,SL,-1.0,-0.014090401785714302,2
2330,A1,long,B,5,2023-04-21,520.0,510.2142857142857,525.5,531.0,fixed,2023-04-24,505.0,SL,-1.5328467153284684,-0.028846153846153848,1
2330,A1,long,B,5,2023-04-21,520.0,512.8571428571429,525.5,531.0,atr,2023-04-24,505.0,SL,-2.1000000000000094,-0.028846153846153848,1
2330,A1,short,B,5,2023-05-16,503.0,521.6517857142857,497.0,491.0,fixed,2023-05-18,533.0,SL,-1.6084250837721439,-0.05964214711729622,2
2330,A1,short,B,5,2023-05-16,503.0,509.60714285714283,497.0,491.0,atr,2023-05-17,509.60714285714283,SL,-1.0,-0.013135472877023524,1
2330,A1,short,B,5,2023-05-17,508.0,521.7142857142857,503.25,498.5,fixed,2023-05-18,533.0,SL,-1.8229166666666732,-0.04921259842519685,1
2330,A1,short,B,5,2023-05-17,508.0,514.8571428571429,503.25,498.5,atr,2023-05-18,533.0,SL,-3.645833333333316,-0.04921259842519685,1
2330,A1,short,A,6,2023-05-19,535.0,522.0625,516.75,498.5,fixed,2023-05-22,532.0,SL,0.2318840579710145,0.005607476635514018,1
2330,A1,short,A,6,2023-05-19,535.0,543.25,516.75,498.5,atr,2023-05-25,543.25,SL,-1.0,-0.01542056074766355,4
2330,A1,short,B,5,2023-05-22,532.0,522.0178571428571,515.25,498.5,fixed,2023-05-23,530.0,SL,0.20035778175312993,0.0037593984962406013,1
2330,A1,short,B,5,2023-05-22,532.0,540.0714285714286,515.25,498.5,atr,2023-05-25,542.0,SL,-1.2389380530973477,-0.018796992481203006,3
2330,A1,long,B,5,2023-07-21,560.0,565.875,572.5,585.0,fixed,2023-07-24,557.0,SL,-0.5106382978723404,-0.005357142857142857,1
2330,A1,long,B,5,2023-07-21,560.0,551.5,572.5,585.0,atr,2023-07-28,572.5,TP1,1.4705882352941178,0.022321428571428572,5
2330,A1,short,B,5,2023-07-24,557.0,591.4464285714286,562.5,568.0,fixed,2023-07-25,568.0,TP2,-0.31933644375324016,-0.019748653500897665,1
2330,A1,short,B,5,2023-07-24,557.0,566.7857142857143,562.5,568.0,atr,2023-07-25,566.7857142857143,SL,-1.0,-0.017568607335214245,1
2330,A1,short,B,5,2023-07-26,569.0,591.4642857142857,567.0,565.0,fixed,2023-07-27,567.0,TP1,0.08903020667726569,0.0035149384885764497,1
2330,A1,short,B,5,2023-07-26,569.0,578.8571428571429,567.0,565.0,atr,2023-07-27,567.0,TP1,0.202898550724637,0.0035149384885764497,1
2330,A1,short,B,5,2023-08-01,565.0,591.2678571428571,564.0,563.0,fixed,2023-08-02,563.0,TP2,0.07613868116927269,0.0035398230088495575,1
2330,A1,short,B,5,2023-08-01,565.0,574.0714285714286,564.0,563.0,atr,2023-08-02,563.0,TP2,0.22047244094488228,0.0035398230088495575,1
2330,A1,short,B,5,2023-08-04,556.0,586.2142857142857,556.5,557.0,fixed,2023-08-07,557.0,TP2,-0.033096926713948045,-0.0017985611510791368,1
2330,A1,short,B,5,2023-08-04,556.0,564.8571428571429,556.5,557.0,atr,2023-08-07,557.0,TP2,-0.1129032258064512,-0.0017985611510791368,1
2330,A1,short,B,5,2023-08-07,558.0,586.2678571428571,556.0,554.0,fixed,2023-08-08,554.0,TP2,0.14150347441566663,0.007168458781362007,1
2330,A1,short,B,5,2023-08-07,558.0,567.0714285714286,556.0,554.0,atr,2023-08-08,554.0,TP2,0.44094488188976455,0.007168458781362007,1
2330,A1,short,A,6,2023-08-30,558.0,571.1964285714286,554.5,551.0,fixed,2023-08-31,551.0,TP2,0.5304465493910696,0.012544802867383513,1
2330,A1,short,A,6,2023-08-30,558.0,566.7857142857143,554.5,551.0,atr,2023-08-31,551.0,TP2,0.7967479674796704,0.012544802867383513,1
2330,A1,short,B,5,2023-08-31,553.0,571.2678571428571,552.0,551.0,fixed,2023-09-01,551.0,TP2,0.10948191593352903,0.003616636528028933,1
2330,A1,short,B,5,2023-08-31,553.0,562.0714285714286,552.0,551.0,atr,2023-09-01,551.0,TP2,0.22047244094488228,0.003616636528028933,1
2330,A1,short,B,5,2023-09-06,556.0,560.2857142857143,553.0,550.0,fixed,2023-09-07,550.0,TP2,1.3999999999999841,0.01079136690647482,1
2330,A1,short,B,5,2023-09-06,556.0,565.1428571428571,553.0,550.0,atr,2023-09-07,550.0,TP2,0.6562500000000023,0.01079136690647482,1
2330,A1,short,B,5,2023-09-07,546.0,560.2321428571429,543.5,541.0,fixed,2023-09-08,541.0,TP2,0.35131744040150487,0.009157509157509158,1
2330,A1,short,B,5,2023-09-07,546.0,554.9285714285714,543.5,541.0,atr,2023-09-08,541.0,TP2,0.5599999999999989,0.009157509157509158,1
2330,A1,short,B,5,2023-09-08,535.0,560.2857142857143,536.0,537.0,fixed,2023-09-11,537.0,TP2,-0.07909604519773997,-0.003738317757009346,1
2330,A1,short,B,5,2023-09-08,535.0,544.1428571428571,536.0,537.0,atr,2023-09-11,537.0,TP2,-0.21875000000000078,-0.003738317757009346,1
2330,A1,long,B,5,2023-09-11,539.0,533.7678571428571,541.0,543.0,fixed,2023-09-12,543.0,TP2,0.7645051194539202,0.0074211502782931356,1
2330,A1,long,B,5,2023-09-11,539.0,530.0714285714286,541.0,543.0,atr,2023-09-12,543.0,TP2,0.4479999999999992,0.0074211502782931356,1
2330,A1,long,B,5,2023-09-14,544.0,534.9464285714286,547.0,550.0,fixed,2023-09-15,550.0,TP2,0.6627218934911231,0.011029411764705883,1
2330,A1,long,B,5,2023-09-14,544.0,535.7857142857143,547.0,550.0,atr,2023-09-15,550.0,TP2,0.7304347826087,0.011029411764705883,1
2330,A1,long,B,5,2023-09-15,549.0,536.1071428571429,552.25,555.5,fixed,2023-09-20,536.0,SL,-1.0083102493074818,-0.023679417122040074,3
2330,A1,long,B,5,2023-09-15,549.0,541.4285714285714,552.25,555.5,atr,2023-09-18,541.4285714285714,SL,-1.0,-0.013791308873276056,1
2330,A1,short,B,5,2023-09-22,523.0,562.0,531.5,540.0,fixed,2023-09-25,540.0,TP2,-0.4358974358974359,-0.032504780114722756,1
2330,A1,short,B,5,2023-09-22,523.0,531.0,531.5,540.0,atr,2023-09-25,540.0,TP2,-2.125,-0.032504780114722756,1
2330,A1,short,B,5,2023-09-25,522.0,561.9285714285714,530.0,538.0,fixed,2023-09-26,538.0,TP2,-0.40071556350626103,-0.03065134099616858,1
2330,A1,short,B,5,2023-09-25,522.0,529.7142857142857,530.0,538.0,atr,2023-09-26,538.0,TP2,-2.0740740740740873,-0.03065134099616858,1
2330,A1,short,B,5,2023-10-04,521.0,557.9285714285714,521.5,522.0,fixed,2023-11-13,579.0,SL,-1.570599613152804,-0.11132437619961612,26
2330,A1,short,B,5,2023-10-04,521.0,528.7142857142857,521.5,522.0,atr,2023-10-05,528.7142857142857,SL,-1.0,-0.01480669043049072,1
2330,A1,long,B,5,2023-10-24,543.0,513.7857142857143,544.5,546.0,fixed,2023-10-25,546.0,TP2,0.1026894865525674,0.0055248618784530384,1
2330,A1,long,B,5,2023-10-24,543.0,534.1428571428571,544.5,546.0,atr,2023-10-25,546.0,TP2,0.3387096774193536,0.0055248618784530384,1
2330,A1,long,B,5,2023-10-25,544.0,513.875,545.0,546.0,fixed,2023-11-02,546.0,TP2,0.06639004149377593,0.003676470588235294,6
2330,A1,long,B,5,2023-10-25,544.0,535.5,545.0,546.0,atr,2023-10-26,530.0,SL,-1.6470588235294117,-0.025735294117647058,1
2330,A1,long,B,5,2023-11-29,578.0,548.0535714285714,581.5,585.0,fixed,2023-12-04,581.5,TP1,0.11687537268932624,0.006055363321799308,3
2330,A1,long,B,5,2023-11-29,578.0,570.2142857142857,581.5,585.0,atr,2023-11-30,570.2142857142857,SL,-1.0,-0.013470093919920994,1
2330,A1,short,B,5,2023-12-01,573.0,587.0714285714286,574.0,575.0,fixed,2023-12-04,575.0,TP2,-0.14213197969543165,-0.0034904013961605585,1
2330,A1,short,B,5,2023-12-01,573.0,581.2857142857143,574.0,575.0,atr,2023-12-04,582.0,SL,-1.0862068965517178,-0.015706806282722512,1
2330,A1,short,B,5,2023-12-14,581.0,584.8571428571429,578.0,575.0,fixed,2023-12-15,585.0,SL,-1.0370370370370283,-0.0068846815834767644,1
2330,A1,short,B,5,2023-12-14,581.0,588.4285714285714,578.0,575.0,atr,2023-12-18,578.0,TP1,0.40384615384615297,0.0051635111876075735,2
2330,A1,short,B,5,2023-12-18,579.0,586.8214285714286,577.0,575.0,fixed,2023-12-19,588.0,SL,-1.1506849315068517,-0.015544041450777202,1
2330,A1,short,B,5,2023-12-18,579.0,586.2857142857143,577.0,575.0,atr,2023-12-19,588.0,SL,-1.2352941176470507,-0.015544041450777202,1
2330,A1,long,B,5,2023-12-21,577.0,566.3035714285714,579.25,581.5,fixed,2023-12-22,581.5,TP2,0.4207011686143579,0.00779896013864818,1
2330,A1,long,B,5,2023-12-21,577.0,570.2142857142857,579.25,581.5,atr,2023-12-22,581.5,TP2,0.6631578947368374,0.00779896013864818,1
2330,A1,long,B,5,2023-12-22,582.0,566.2321428571429,581.5,581.0,fixed,2023-12-25,581.0,TP2,-0.06342015855039651,-0.001718213058419244,1
2330,A1,long,B,5,2023-12-22,582.0,574.9285714285714,581.5,581.0,atr,2023-12-25,581.0,TP2,-0.14141414141414174,-0.001718213058419244,1
2330,A1,short,B,5,2023-12-27,587.0,583.5892857142857,583.0,579.0,fixed,2023-12-28,592.0,SL,-1.4659685863874137,-0.008517887563884156,1
2330,A1,short,B,5,2023-12-27,587.0,593.3571428571429,583.0,579.0,atr,2024-01-03,579.0,TP2,1.2584269662921284,0.013628620102214651,4
2330,A1,long,B,5,2024-01-09,588.0,568.375,587.25,586.5,fixed,2024-01-11,586.5,TP2,-0.07643312101910828,-0.002551020408163265,2
2330,A1,long,B,5,2024-01-09,588.0,581.5,587.25,586.5,atr,2024-01-10,581.0,SL,-1.0769230769230769,-0.011904761904761904,1
2330,A1,long,B,5,2024-01-17,583.0,573.3214285714286,584.0,585.0,fixed,2024-01-18,585.0,TP2,0.20664206642066385,0.003430531732418525,1
2330,A1,long,B,5,2024-01-17,583.0,576.2857142857143,584.0,585.0,atr,2024-01-18,585.0,TP2,0.29787234042553407,0.003430531732418525,1
2330,A1,long,B,5,2024-02-22,695.0,574.5714285714286,686.5,678.0,fixed,2024-02-23,678.0,TP2,-0.14116251482799524,-0.02446043165467626,1
2330,A1,long,B,5,2024-02-22,695.0,681.2857142857143,686.5,678.0,atr,2024-02-23,678.0,TP2,-1.2395833333333377,-0.02446043165467626,1
2330,A1,long,B,5,2024-03-20,764.0,669.9642857142857,766.25,768.5,fixed,2024-03-21,768.5,TP2,0.047854158754272666,0.0058900523560209425,1
2330,A1,long,B,5,2024-03-20,764.0,743.8571428571429,766.25,768.5,atr,2024-03-21,768.5,TP2,0.2234042553191493,0.0058900523560209425,1
2330,A1,long,B,5,2024-03-25,783.0,705.9285714285714,789.5,796.0,fixed,2024-03-26,789.5,TP1,0.08433734939759038,0.008301404853128991,1
2330,A1,long,B,5,2024-03-25,783.0,762.7142857142857,789.5,796.0,atr,2024-03-26,789.5,TP1,0.32042253521126685,0.008301404853128991,1
2330,A1,short,B,5,2024-05-03,788.0,831.2142857142857,779.25,770.5,fixed,2024-05-15,838.0,SL,-1.157024793388431,-0.06345177664974619,8
2330,A1,short,B,5,2024-05-03,788.0,808.8571428571429,779.25,770.5,atr,2024-05-13,823.0,SL,-1.6780821917808193,-0.044416243654822336,6
2330,A1,short,B,5,2024-05-06,791.0,831.3392857142857,780.5,770.0,fixed,2024-05-15,838.0,SL,-1.1651173085436048,-0.05941845764854614,7
2330,A1,short,B,5,2024-05-06,791.0,812.3571428571429,780.5,770.0,atr,2024-05-13,823.0,SL,-1.498327759197322,-0.040455120101137804,5
2330,A1,long,B,5,2024-06-03,839.0,794.0178571428571,838.5,838.0,fixed,2024-06-04,838.0,TP2,-0.022231044065105184,-0.0011918951132300357,1
2330,A1,long,B,5,2024-06-03,839.0,823.0714285714286,838.5,838.0,atr,2024-06-04,838.0,TP2,-0.0627802690582959,-0.0011918951132300357,1
2330,A1,long,B,5,2024-06-04,844.0,793.6964285714286,856.0,868.0,fixed,2024-06-05,856.0,TP1,0.2385516506922257,0.014218009478672985,1
2330,A1,long,B,5,2024-06-04,844.0,826.7857142857143,856.0,868.0,atr,2024-06-05,856.0,TP1,0.6970954356846493,0.014218009478672985,1
2330,A1,long,B,5,2024-06-11,892.0,806.1964285714286,883.5,875.0,fixed,2024-06-12,875.0,TP2,-0.19812695109261183,-0.01905829596412556,1
2330,A1,long,B,5,2024-06-11,892.0,872.7857142857143,883.5,875.0,atr,2024-06-12,875.0,TP2,-0.88475836431227,-0.01905829596412556,1
2330,A1,long,B,5,2024-10-08,1000.0,923.0714285714286,1012.5,1025.0,fixed,2024-10-09,1025.0,TP2,0.3249767873723305,0.025,1
2330,A1,long,B,5,2024-10-08,1000.0,980.2857142857143,1012.5,1025.0,atr,2024-10-09,1025.0,TP2,1.2681159420289887,0.025,1
2330,A1,long,B,5,2024-10-09,1030.0,923.125,1027.5,1025.0,fixed,2024-10-11,1025.0,TP2,-0.04678362573099415,-0.0048543689320388345,1
2330,A1,long,B,5,2024-10-09,1030.0,1010.5,1027.5,1025.0,atr,2024-10-11,1025.0,TP2,-0.2564102564102564,-0.0048543689320388345,1
2330,A1,short,B,5,2024-11-18,1030.0,1106.3214285714287,1034.0,1038.0,fixed,2024-11-19,1038.0,TP2,-0.10481984089845564,-0.007766990291262136,1
2330,A1,short,B,5,2024-11-18,1030.0,1055.2857142857142,1034.0,1038.0,atr,2024-11-19,1038.0,TP2,-0.31638418079096126,-0.007766990291262136,1
2330,A1,long,B,5,2024-11-27,1010.0,990.4642857142857,1022.5,1035.0,fixed,2024-12-02,1035.0,TP2,1.2797074954296128,0.024752475247524754,3
2330,A1,long,B,5,2024-11-27,1010.0,987.8571428571429,1022.5,1035.0,atr,2024-12-02,1035.0,TP2,1.1290322580645178,0.024752475247524754,3
2330,A1,long,B,5,2024-11-28,1005.0,990.5535714285714,1020.0,1035.0,fixed,2024-12-02,1035.0,TP2,2.0766378244746626,0.029850746268656716,2
2330,A1,long,B,5,2024-11-28,1005.0,983.2142857142857,1020.0,1035.0,atr,2024-12-02,1035.0,TP2,1.3770491803278657,0.029850746268656716,2
2330,A1,short,B,5,2024-12-05,1070.0,1095.5892857142858,1052.5,1035.0,fixed,2024-12-11,1052.5,TP1,0.6838799720865301,0.016355140186915886,4
2330,A1,short,B,5,2024-12-05,1070.0,1092.357142857143,1052.5,1035.0,atr,2024-12-11,1052.5,TP1,0.7827476038338647,0.016355140186915886,4
2330,A1,short,B,5,2024-12-06,1075.0,1095.5,1055.0,1035.0,fixed,2024-12-11,1055.0,TP1,0.975609756097561,0.018604651162790697,3
2330,A1,short,B,5,2024-12-06,1075.0,1097.0,1055.0,1035.0,atr,2024-12-11,1055.0,TP1,0.9090909090909091,0.018604651162790697,3
2330,A1,long,B,5,2024-12-20,1060.0,1009.8392857142857,1077.5,1095.0,fixed,2024-12-23,1077.5,TP1,0.3488786044855817,0.01650943396226415,1
2330,A1,long,B,5,2024-12-20,1060.0,1039.357142857143,1077.5,1095.0,atr,2024-12-23,1077.5,TP1,0.8477508650519044,0.01650943396226415,1
2330,A1,long,B,5,2024-12-23,1065.0,1010.0,1062.5,1060.0,fixed,2024-12-24,1060.0,TP2,-0.09090909090909091,-0.004694835680751174,1
2330,A1,long,B,5,2024-12-23,1065.0,1045.0,1062.5,1060.0,atr,2024-12-24,1060.0,TP2,-0.25,-0.004694835680751174,1
2330,A1,long,B,5,2024-12-25,1090.0,1009.7321428571429,1090.0,1090.0,fixed,2024-12-26,1090.0,TP2,0.0,0.0,1
2330,A1,long,B,5,2024-12-25,1090.0,1068.9285714285713,1090.0,1090.0,atr,2024-12-26,1090.0,TP2,0.0,0.0,1
2330,A1,short,B,5,2025-02-12,1110.0,1166.9642857142858,1092.75,1075.5,fixed,2025-02-13,1092.75,TP1,0.30282131661441974,0.015540540540540541,1
2330,A1,short,B,5,2025-02-12,1110.0,1137.857142857143,1092.75,1075.5,atr,2025-02-13,1092.75,TP1,0.6192307692307685,0.015540540540540541,1
2330,A1,short,B,5,2025-02-26,1045.0,1155.0892857142858,1047.5,1050.0,fixed,2025-02-27,1050.0,TP2,-0.045417680454176775,-0.004784688995215311,1
2330,A1,short,B,5,2025-02-26,1045.0,1065.357142857143,1047.5,1050.0,atr,2025-02-27,1050.0,TP2,-0.2456140350877189,-0.004784688995215311,1
2330,A1,short,B,5,2025-03-19,965.0,1065.8214285714287,960.0,955.0,fixed,2025-03-27,960.0,TP1,0.04959263195182425,0.0051813471502590676,6
2330,A1,short,B,5,2025-03-19,965.0,988.2857142857143,960.0,955.0,atr,2025-03-25,989.0,SL,-1.0306748466257647,-0.024870466321243522,4
2330,A1,short,B,5,2025-03-21,985.0,1071.0714285714287,970.0,955.0,fixed,2025-03-27,970.0,TP1,0.17427385892116162,0.015228426395939087,4
2330,A1,short,B,5,2025-03-21,985.0,1009.2857142857143,970.0,955.0,atr,2025-03-27,970.0,TP1,0.6176470588235282,0.015228426395939087,4
2330,A1,short,A,6,2025-03-27,961.0,1070.2857142857142,966.25,971.5,fixed,2025-03-28,971.5,TP2,-0.09607843137254908,-0.010926118626430802,1
2330,A1,short,A,6,2025-03-27,961.0,982.1428571428571,966.25,971.5,atr,2025-03-28,971.5,TP2,-0.4966216216216224,-0.010926118626430802,1
2330,A1,short,B,5,2025-03-28,946.0,1070.5,958.75,971.5,fixed,2025-03-31,971.5,TP2,-0.20481927710843373,-0.026955602536997886,1
2330,A1,short,B,5,2025-03-28,946.0,968.0,958.75,971.5,atr,2025-03-31,971.5,TP2,-1.1590909090909092,-0.026955602536997886,1
2330,A1,short,B,5,2025-04-02,949.0,1015.8214285714286,949.5,950.0,fixed,2025-04-07,950.0,TP2,-0.01496525921966863,-0.001053740779768177,1
2330,A1,short,B,5,2025-04-02,949.0,972.2857142857143,949.5,950.0,atr,2025-04-07,950.0,TP2,-0.04294478527607353,-0.001053740779768177,1
2330,A1,short,B,5,2025-04-23,853.0,961.125,816.5,780.0,fixed,2025-05-12,961.125,SL,-1.0,-0.12675849941383352,12
2330,A1,short,B,5,2025-04-23,853.0,889.5,816.5,780.0,atr,2025-04-25,900.0,SL,-1.2876712328767124,-0.05509964830011723,2
2330,A1,short,B,5,2025-04-24,886.0,961.5,867.0,848.0,fixed,2025-05-12,961.5,SL,-1.0,-0.08521444695259593,11
2330,A1,short,B,5,2025-04-24,886.0,924.0,867.0,848.0,atr,2025-05-02,938.0,SL,-1.368421052631579,-0.05869074492099323,5
2330,A1,short,A,6,2025-05-02,938.0,958.0892857142857,893.0,848.0,fixed,2025-05-12,958.0892857142857,SL,-1.0,-0.02141714894913184,6
2330,A1,short,A,6,2025-05-02,938.0,962.3571428571429,893.0,848.0,atr,2025-05-13,990.0,SL,-2.1348973607038095,-0.05543710021321962,7
2330,A1,long,B,5,2025-06-03,960.0,929.5892857142857,971.5,983.0,fixed,2025-06-04,983.0,TP2,0.7563123899001749,0.023958333333333335,1
2330,A1,long,B,5,2025-06-03,960.0,942.3571428571429,971.5,983.0,atr,2025-06-04,983.0,TP2,1.3036437246963586,0.023958333333333335,1
2330,A1,long,B,5,2025-06-04,974.0,929.8392857142857,978.5,983.0,fixed,2025-06-05,983.0,TP2,0.20380105135462978,0.009240246406570842,1
2330,A1,long,B,5,2025-06-04,974.0,957.3571428571429,978.5,983.0,atr,2025-06-05,983.0,TP2,0.5407725321888422,0.009240246406570842,1
2330,A1,long,B,5,2025-06-05,1000.0,947.6607142857143,1000.0,1000.0,fixed,2025-06-09,1000.0,TP2,0.0,0.0,2
2330,A1,long,B,5,2025-06-05,1000.0,982.6428571428571,1000.0,1000.0,atr,2025-06-09,1000.0,TP2,0.0,0.0,2
2330,A1,long,B,5,2025-06-06,997.0,947.6071428571429,998.0,999.0,fixed,2025-06-09,999.0,TP2,0.04049168474331167,0.0020060180541624875,1
2330,A1,long,B,5,2025-06-06,997.0,979.4285714285714,998.0,999.0,atr,2025-06-09,999.0,TP2,0.11382113821138222,0.0020060180541624875,1
2330,A1,long,B,5,2025-06-09,1005.0,964.6428571428571,1002.0,999.0,fixed,2025-06-10,999.0,TP2,-0.1486725663716813,-0.005970149253731343,1
2330,A1,long,B,5,2025-06-09,1005.0,987.5714285714286,1002.0,999.0,atr,2025-06-10,999.0,TP2,-0.3442622950819669,-0.005970149253731343,1
2330,A1,long,B,5,2025-06-10,1025.0,964.6964285714286,1012.0,999.0,fixed,2025-06-11,999.0,TP2,-0.43115190997927144,-0.025365853658536587,1
2330,A1,long,B,5,2025-06-10,1025.0,1007.7857142857143,1012.0,999.0,atr,2025-06-11,999.0,TP2,-1.5103734439834067,-0.025365853658536587,1
2330,A1,long,B,5,2025-06-27,1070.0,984.75,1075.0,1080.0,fixed,2025-06-30,1080.0,TP2,0.11730205278592376,0.009345794392523364,1
2330,A1,long,B,5,2025-06-27,1070.0,1045.0,1075.0,1080.0,atr,2025-06-30,1080.0,TP2,0.4,0.009345794392523364,1
2330,A1,long,B,5,2025-06-30,1075.0,993.6607142857143,1076.0,1077.0,fixed,2025-07-01,1077.0,TP2,0.024588364434687173,0.0018604651162790699,1
2330,A1,long,B,5,2025-06-30,1075.0,1049.642857142857,1076.0,1077.0,atr,2025-07-01,1077.0,TP2,0.07887323943661961,0.0018604651162790699,1
2330,A1,long,B,5,2025-07-02,1075.0,993.9285714285714,1074.75,1074.5,fixed,2025-07-03,1074.5,TP2,-0.00616740088105727,-0.00046511627906976747,1
2330,A1,long,B,5,2025-07-02,1075.0,1050.7142857142858,1074.75,1074.5,atr,2025-07-03,1074.5,TP2,-0.020588235294117702,-0.00046511627906976747,1
2330,A1,long,B,5,2025-07-03,1105.0,994.0178571428571,1088.25,1071.5,fixed,2025-07-04,1071.5,TP2,-0.3018503620273531,-0.030316742081447964,1
2330,A1,long,B,5,2025-07-03,1105.0,1081.0714285714287,1088.25,1071.5,atr,2025-07-04,1081.0714285714287,SL,-1.0,-0.021654815772462744,1
2330,A1,long,B,5,2025-07-04,1095.0,994.0178571428571,1084.0,1073.0,fixed,2025-07-07,1073.0,TP2,-0.21786030061892123,-0.02009132420091324,1
2330,A1,long,B,5,2025-07-04,1095.0,1071.0714285714287,1084.0,1073.0,atr,2025-07-07,1071.0714285714287,SL,-1.0,-0.021852576647097107,1
2330,A1,long,B,5,2025-08-04,1130.0,1084.9107142857142,1137.5,1145.0,fixed,2025-08-05,1145.0,TP2,0.3326732673267322,0.01327433628318584,1
2330,A1,long,B,5,2025-08-04,1130.0,1109.642857142857,1137.5,1145.0,atr,2025-08-05,1145.0,TP2,0.7368421052631567,0.01327433628318584,1
2330,A1,long,B,5,2025-08-06,1130.0,1085.1785714285713,1145.0,1160.0,fixed,2025-08-07,1160.0,TP2,0.6693227091633451,0.02654867256637168,1
2330,A1,long,B,5,2025-08-06,1130.0,1110.7142857142858,1145.0,1160.0,atr,2025-08-07,1160.0,TP2,1.5555555555555607,0.02654867256637168,1
2330,A1,long,B,5,2025-08-07,1160.0,1085.0892857142858,1152.5,1145.0,fixed,2025-08-08,1145.0,TP2,-0.20023837902264618,-0.01293103448275862,1
2330,A1,long,B,5,2025-08-07,1160.0,1140.357142857143,1152.5,1145.0,atr,2025-08-08,1145.0,TP2,-0.7636363636363649,-0.01293103448275862,1
2330,A1,long,B,5,2025-08-08,1180.0,1084.642857142857,1170.25,1160.5,fixed,2025-08-11,1160.5,TP2,-0.20449438202247183,-0.01652542372881356,1
2330,A1,long,B,5,2025-08-08,1180.0,1158.5714285714287,1170.25,1160.5,atr,2025-08-11,1160.5,TP2,-0.9100000000000041,-0.01652542372881356,1
2330,A1,long,B,5,2025-08-12,1180.0,1084.732142857143,1170.5,1161.0,fixed,2025-08-13,1161.0,TP2,-0.19943767572633558,-0.016101694915254237,1
2330,A1,long,B,5,2025-08-12,1180.0,1158.9285714285713,1170.5,1161.0,atr,2025-08-13,1161.0,TP2,-0.9016949152542331,-0.016101694915254237,1
2330,A1,short,B,5,2025-08-22,1155.0,1190.892857142857,1150.0,1145.0,fixed,2025-09-01,1145.0,TP2,0.2786069651741296,0.008658008658008658,6
2330,A1,short,B,5,2025-08-22,1155.0,1178.5714285714287,1150.0,1145.0,atr,2025-08-25,1178.5714285714287,SL,-1.0,-0.020408163265306208,1
2330,A1,short,B,5,2025-08-25,1165.0,1190.982142857143,1145.0,1125.0,fixed,2025-09-01,1145.0,TP1,0.7697594501718203,0.017167381974248927,5
2330,A1,short,B,5,2025-08-25,1165.0,1188.9285714285713,1145.0,1125.0,atr,2025-08-27,1190.0,SL,-1.0447761194029894,-0.02145922746781116,2
2330,A1,long,B,5,2025-11-13,1460.0,1417.857142857143,1480.0,1500.0,fixed,2025-11-18,1417.857142857143,SL,-1.0,-0.02886497064579254,3
2330,A1,long,B,5,2025-11-13,1460.0,1431.4285714285713,1480.0,1500.0,atr,2025-11-14,1425.0,SL,-1.2249999999999959,-0.023972602739726026,1
2330,A1,long,B,5,2025-11-19,1400.0,1428.125,1432.5,1465.0,fixed,2025-11-20,1432.5,TP1,1.1555555555555554,0.023214285714285715,1
2330,A1,long,B,5,2025-11-19,1400.0,1372.5,1432.5,1465.0,atr,2025-11-20,1432.5,TP1,1.1818181818181819,0.023214285714285715,1
2330,A1,short,B,5,2025-11-26,1430.0,1533.3035714285713,1409.5,1389.0,fixed,2025-12-31,1533.3035714285713,SL,-1.0,-0.07224025974025967,24
2330,A1,short,B,5,2025-11-26,1430.0,1463.2142857142858,1409.5,1389.0,atr,2025-12-08,1465.0,SL,-1.053763440860213,-0.024475524475524476,8
2330,A1,short,B,5,2025-11-28,1440.0,1533.6607142857142,1419.0,1398.0,fixed,2025-12-01,1419.0,TP1,0.22421353670162075,0.014583333333333334,1
2330,A1,short,B,5,2025-11-28,1440.0,1474.642857142857,1419.0,1398.0,atr,2025-12-01,1419.0,TP1,0.6061855670103099,0.014583333333333334,1
2330,A1,short,A,6,2025-12-01,1445.0,1533.5714285714287,1423.5,1402.0,fixed,2025-12-02,1423.5,TP1,0.2427419354838707,0.014878892733564015,1
2330,A1,short,A,6,2025-12-01,1445.0,1479.2857142857142,1423.5,1402.0,atr,2025-12-02,1423.5,TP1,0.6270833333333345,0.014878892733564015,1
2330,A1,short,B,5,2025-12-02,1430.0,1533.6607142857142,1417.75,1405.5,fixed,2025-12-18,1417.75,TP1,0.11817398794142987,0.008566433566433567,12
2330,A1,short,B,5,2025-12-02,1430.0,1464.642857142857,1417.75,1405.5,atr,2025-12-08,1465.0,SL,-1.0103092783505163,-0.024475524475524476,4
2330,A1,long,B,5,2026-02-03,1810.0,1636.4285714285713,1786.0,1762.0,fixed,2026-02-04,1762.0,TP2,-0.2765432098765431,-0.026519337016574586,1
2330,A1,long,B,5,2026-02-03,1810.0,1775.7142857142858,1786.0,1762.0,atr,2026-02-04,1775.7142857142858,SL,-1.0,-0.018942383583267525,1
2330,A1,long,B,5,2026-02-06,1745.0,1671.517857142857,1782.5,1820.0,fixed,2026-02-09,1820.0,TP2,1.0206561360874844,0.04297994269340974,1
2330,A1,long,B,5,2026-02-06,1745.0,1711.0714285714287,1782.5,1820.0,atr,2026-02-09,1820.0,TP2,2.21052631578948,0.04297994269340974,1
2330,A1,long,B,5,2026-03-10,1870.0,1725.625,1885.0,1900.0,fixed,2026-03-11,1900.0,TP2,0.2077922077922078,0.016042780748663103,1
2330,A1,long,B,5,2026-03-10,1870.0,1812.5,1885.0,1900.0,atr,2026-03-11,1900.0,TP2,0.5217391304347826,0.016042780748663103,1
2330,A1,short,B,5,2026-03-25,1865.0,2024.5535714285713,1847.5,1830.0,fixed,2026-03-26,1847.5,TP1,0.10968102965864585,0.00938337801608579,1
2330,A1,short,B,5,2026-03-25,1865.0,1923.2142857142858,1847.5,1830.0,atr,2026-03-26,1847.5,TP1,0.300613496932515,0.00938337801608579,1
2330,A1,short,B,5,2026-03-26,1850.0,2024.017857142857,1840.0,1830.0,fixed,2026-03-27,1830.0,TP2,0.11493073370959468,0.010810810810810811,1
2330,A1,short,B,5,2026-03-26,1850.0,1906.0714285714287,1840.0,1830.0,atr,2026-03-27,1830.0,TP2,0.35668789808917134,0.010810810810810811,1
